Exercise Type,exercise_key,modality,protocol_start,progression_rule,contraindications_flags,biomarker_hooks,cognitive_targets,mechanism_tags,safety_notes,home_equipment,coach_script_non_api,coach_prompt_api,Direct Cognitive Benefits,direct_cognitive_benefits,Indirect Cognitive Benefits,indirect_cognitive_benefits,Mechanisms (Brain/Body),mechanisms_brain_body,CV Fitness,cv_fitness,Obesity/Weight Loss/Body Composition,body_composition,Lipids,lipids,Glycemic Control,glycemic_control,Blood Pressure/Hypertension,blood_pressure,Muscle Mass/Gain Muscle,muscle_mass,Goals,goal_label
RESISTANCE,resistance,resistance,"2–3x/week full-body; 6–8 movements (push, pull, hinge, squat, carry); 2–3 sets each at RPE 6–7; 60–120 s rest.","If HRV >= baseline and sleep >=6.5h, progress load/duration by 5–10% weekly; else hold/deload.","Avoid HIIT/heavy loads if SBP>=160, DBP>=100, illness, dizziness, or glucose>250.","{""hrv_daily_delta_pct"": {""gate"": -7, ""action"": ""reduce_intensity""}, ""sleep_efficiency_pct"": {""min"": 85, ""action"": ""split_or_reduce""}, ""cgm_tir_70_180_pct"": {""min"": 70, ""action"": ""prioritize_resistance_then_zone2""}, ""sbp_rest_mmHg"": {""max"": 159, ""action"": ""no_hiit_if_exceeds""}, ""crp_mg_L"": {""max"": 3.0, ""action"": ""reduce_high_impact_volume""}}",executive_function;memory;processing_speed;attention,BDNF↑;angiogenesis↑;insulin_sensitivity↑;neuroinflammation↓;mitochondrial_function↑,"Stop if chest pain, dyspnea, dizziness, or near-fall.",none;bands;dumbbells;chair;walk_area,"Today: complete planned session at RPE 6–7. If HRV low or sleep poor, reduce intensity/volume.","You are a brain-health exercise coach. Provide plan, rationale, progression, safety. Avoid diagnosis.",,,,,,,,,,,,,,,,,1,1,Weight Loss; Muscle Mass: Strength; Blood Sugar Management; Obesity/Weight Loss/Body Composition; Obesity/Weight Loss/Body Composition; Blood Pressure/Hypertension,Weight Loss; Muscle Mass: Strength; Blood Sugar Management; Obesity/Weight Loss/Body Composition; Obesity/Weight Loss/Body Composition; Blood Pressure/Hypertension
General Resistance Training,general_resistance_training,resistance,2–3x/week; 6–8 compound + accessory moves; 2–3 sets of 8–12 reps @ RPE 6–7; 60–90 s rest.,"If HRV >= baseline and sleep >=6.5h, progress load/duration by 5–10% weekly; else hold/deload.","Avoid HIIT/heavy loads if SBP>=160, DBP>=100, illness, dizziness, or glucose>250.","{""hrv_daily_delta_pct"": {""gate"": -7, ""action"": ""reduce_intensity""}, ""sleep_efficiency_pct"": {""min"": 85, ""action"": ""split_or_reduce""}, ""cgm_tir_70_180_pct"": {""min"": 70, ""action"": ""prioritize_resistance_then_zone2""}, ""sbp_rest_mmHg"": {""max"": 159, ""action"": ""no_hiit_if_exceeds""}, ""crp_mg_L"": {""max"": 3.0, ""action"": ""reduce_high_impact_volume""}}",executive_function;memory;processing_speed;attention,BDNF↑;angiogenesis↑;insulin_sensitivity↑;neuroinflammation↓;mitochondrial_function↑,"Stop if chest pain, dyspnea, dizziness, or near-fall.",none;bands;dumbbells;chair;walk_area,"Today: complete planned session at RPE 6–7. If HRV low or sleep poor, reduce intensity/volume.","You are a brain-health exercise coach. Provide plan, rationale, progression, safety. Avoid diagnosis.","Neuroprotective. Improves global cognition, executive function, memory","Neuroprotective. Improves global cognition, executive function, memory","Reduces dementia risk, supports daily function","Reduces dementia risk, supports daily function","Increases neurotrophic factors (BDNF/NGF), Klotho, neurogenesis, brain plasticity, muscle mass/strength","Increases neurotrophic factors (BDNF/NGF), Klotho, neurogenesis, brain plasticity, muscle mass/strength",Modest improvement,Modest improvement,"Reduces fat, increases lean mass","Reduces fat, increases lean mass",Modest improvement,Modest improvement,Improves insulin sensitivity,Improves insulin sensitivity,Lowers BP,Lowers BP,1,1,Weight Loss; Muscle Mass: Strength; Blood Sugar Management; Obesity/Weight Loss/Body Composition; Obesity/Weight Loss/Body Composition; Blood Pressure/Hypertension,Weight Loss; Muscle Mass: Strength; Blood Sugar Management; Obesity/Weight Loss/Body Composition; Obesity/Weight Loss/Body Composition; Blood Pressure/Hypertension
Hypertrophy (Muscle Growth),hypertrophy_muscle_growth,resistance,2–4x/week per muscle; 8–15 sets/week total; 3–4 sets of 8–12 reps @ RPE 7–8; 60–90 s rest.,"If HRV >= baseline and sleep >=6.5h, progress load/duration by 5–10% weekly; else hold/deload.","Avoid HIIT/heavy loads if SBP>=160, DBP>=100, illness, dizziness, or glucose>250.","{""hrv_daily_delta_pct"": {""gate"": -7, ""action"": ""reduce_intensity""}, ""sleep_efficiency_pct"": {""min"": 85, ""action"": ""split_or_reduce""}, ""cgm_tir_70_180_pct"": {""min"": 70, ""action"": ""prioritize_resistance_then_zone2""}, ""sbp_rest_mmHg"": {""max"": 159, ""action"": ""no_hiit_if_exceeds""}, ""crp_mg_L"": {""max"": 3.0, ""action"": ""reduce_high_impact_volume""}}",executive_function;memory;processing_speed;attention,BDNF↑;angiogenesis↑;insulin_sensitivity↑;neuroinflammation↓;mitochondrial_function↑,"Stop if chest pain, dyspnea, dizziness, or near-fall.",none;bands;dumbbells;chair;walk_area,"Today: complete planned session at RPE 6–7. If HRV low or sleep poor, reduce intensity/volume.","You are a brain-health exercise coach. Provide plan, rationale, progression, safety. Avoid diagnosis.","Neuroprotective. May improve memory, executive function","Neuroprotective. May improve memory, executive function","Supports independence, mobility","Supports independence, mobility","Increases Klotho,IGF-1, myokines, neurotrophic signaling, muscle-brain axis","Increases Klotho,IGF-1, myokines, neurotrophic signaling, muscle-brain axis",Modest improvement,Modest improvement,Increases muscle mass,Increases muscle mass,Modest improvement,Modest improvement,Improves glucose uptake,Improves glucose uptake,Lowers BP,Lowers BP,1,1,Weight Loss; Muscle Mass: Strength; Blood Sugar Management; Obesity/Weight Loss/Body Composition; Obesity/Weight Loss/Body Composition; Blood Pressure/Hypertension,Weight Loss; Muscle Mass: Strength; Blood Sugar Management; Obesity/Weight Loss/Body Composition; Obesity/Weight Loss/Body Composition; Blood Pressure/Hypertension
Endurance (Muscular),endurance_muscular,aerobic,2–3x/week; circuit of 5–8 exercises; 2–4 sets of 15–20 reps @ RPE 5–6; 30–60 s rest; 20–30 min total.,"If HRV >= baseline and sleep >=6.5h, progress load/duration by 5–10% weekly; else hold/deload.","Avoid HIIT/heavy loads if SBP>=160, DBP>=100, illness, dizziness, or glucose>250.","{""hrv_daily_delta_pct"": {""gate"": -7, ""action"": ""reduce_intensity""}, ""sleep_efficiency_pct"": {""min"": 85, ""action"": ""split_or_reduce""}, ""cgm_tir_70_180_pct"": {""min"": 70, ""action"": ""prioritize_resistance_then_zone2""}, ""sbp_rest_mmHg"": {""max"": 159, ""action"": ""no_hiit_if_exceeds""}, ""crp_mg_L"": {""max"": 3.0, ""action"": ""reduce_high_impact_volume""}}",executive_function;memory;processing_speed;attention,BDNF↑;angiogenesis↑;insulin_sensitivity↑;neuroinflammation↓;mitochondrial_function↑,"Stop if chest pain, dyspnea, dizziness, or near-fall.",none;bands;dumbbells;chair;walk_area,"Today: complete planned session at RPE 6–7. If HRV low or sleep poor, reduce intensity/volume.","You are a brain-health exercise coach. Provide plan, rationale, progression, safety. Avoid diagnosis.","Neuroprotective. Some evidence for attention, working memory","Neuroprotective. Some evidence for attention, working memory","Supports physical activity, reduces frailty","Supports physical activity, reduces frailty","Improves mitochondrial function, vascular health, fatigue resistance. Increases Klotho","Improves mitochondrial function, vascular health, fatigue resistance. Increases Klotho",Improves,Improves,Increases endurance,Increases endurance,Modest improvement,Modest improvement,Improves glucose metabolism,Improves glucose metabolism,Lowers BP,Lowers BP,1,1,Weight Loss; Muscle Mass: Strength; Blood Sugar Management; Obesity/Weight Loss/Body Composition; Obesity/Weight Loss/Body Composition; Blood Pressure/Hypertension,Weight Loss; Muscle Mass: Strength; Blood Sugar Management; Obesity/Weight Loss/Body Composition; Obesity/Weight Loss/Body Composition; Blood Pressure/Hypertension
Strength (Maximal Force),strength_maximal_force,resistance,2x/week; 3–5 core lifts/session; 3–5 sets of 3–5 reps @ ~80–85%1RM (RPE 7–8); 3–5 min rest.,"If HRV >= baseline and sleep >=6.5h, progress load/duration by 5–10% weekly; else hold/deload.","Avoid HIIT/heavy loads if SBP>=160, DBP>=100, illness, dizziness, or glucose>250.","{""hrv_daily_delta_pct"": {""gate"": -7, ""action"": ""reduce_intensity""}, ""sleep_efficiency_pct"": {""min"": 85, ""action"": ""split_or_reduce""}, ""cgm_tir_70_180_pct"": {""min"": 70, ""action"": ""prioritize_resistance_then_zone2""}, ""sbp_rest_mmHg"": {""max"": 159, ""action"": ""no_hiit_if_exceeds""}, ""crp_mg_L"": {""max"": 3.0, ""action"": ""reduce_high_impact_volume""}}",executive_function;memory;processing_speed;attention,BDNF↑;angiogenesis↑;insulin_sensitivity↑;neuroinflammation↓;mitochondrial_function↑,"Stop if chest pain, dyspnea, dizziness, or near-fall.",none;bands;dumbbells;chair;walk_area,"Today: complete planned session at RPE 6–7. If HRV low or sleep poor, reduce intensity/volume.","You are a brain-health exercise coach. Provide plan, rationale, progression, safety. Avoid diagnosis.","Neuroprotective. Improves executive function, global cognition","Neuroprotective. Improves executive function, global cognition","Reduces fall risk, supports daily activities","Reduces fall risk, supports daily activities","Increases brain perfusion, neuroplasticity, IGF-1, neuromuscular adaptation. Increases Klotho","Increases brain perfusion, neuroplasticity, IGF-1, neuromuscular adaptation. Increases Klotho",Modest improvement,Modest improvement,Increases strength,Increases strength,Modest improvement,Modest improvement,Improves insulin action,Improves insulin action,Lowers BP,Lowers BP,1,1,Weight Loss; Muscle Mass: Strength; Blood Sugar Management; Obesity/Weight Loss/Body Composition; Obesity/Weight Loss/Body Composition; Blood Pressure/Hypertension,Weight Loss; Muscle Mass: Strength; Blood Sugar Management; Obesity/Weight Loss/Body Composition; Obesity/Weight Loss/Body Composition; Blood Pressure/Hypertension
Power (Speed+Force),power_speed+force,mixed,"2x/week; 3–4 power moves (e.g., sit-to-stand jump variants, med-ball throws); 3–5 sets of 3–5 reps; fast concentric; 2–3 min rest.","If HRV >= baseline and sleep >=6.5h, progress load/duration by 5–10% weekly; else hold/deload.","Avoid HIIT/heavy loads if SBP>=160, DBP>=100, illness, dizziness, or glucose>250.","{""hrv_daily_delta_pct"": {""gate"": -7, ""action"": ""reduce_intensity""}, ""sleep_efficiency_pct"": {""min"": 85, ""action"": ""split_or_reduce""}, ""cgm_tir_70_180_pct"": {""min"": 70, ""action"": ""prioritize_resistance_then_zone2""}, ""sbp_rest_mmHg"": {""max"": 159, ""action"": ""no_hiit_if_exceeds""}, ""crp_mg_L"": {""max"": 3.0, ""action"": ""reduce_high_impact_volume""}}",executive_function;memory;processing_speed;attention,BDNF↑;angiogenesis↑;insulin_sensitivity↑;neuroinflammation↓;mitochondrial_function↑,"Stop if chest pain, dyspnea, dizziness, or near-fall.",none;bands;dumbbells;chair;walk_area,"Today: complete planned session at RPE 6–7. If HRV low or sleep poor, reduce intensity/volume.","You are a brain-health exercise coach. Provide plan, rationale, progression, safety. Avoid diagnosis.","May enhance processing speed, executive function","May enhance processing speed, executive function","Improves reaction time, mobility","Improves reaction time, mobility","Increases fast-twitch fiber recruitment, neuroplasticity, motor unit activation","Increases fast-twitch fiber recruitment, neuroplasticity, motor unit activation",Modest improvement,Modest improvement,Increases power,Increases power,Unclear,Unclear,Unclear,Unclear,Lowers BP,Lowers BP,1,1,Weight Loss; Muscle Mass: Strength; Blood Sugar Management; Obesity/Weight Loss/Body Composition; Obesity/Weight Loss/Body Composition; Blood Pressure/Hypertension,Weight Loss; Muscle Mass: Strength; Blood Sugar Management; Obesity/Weight Loss/Body Composition; Obesity/Weight Loss/Body Composition; Blood Pressure/Hypertension
Velocity-Based Training,velocity_based_training,mixed,2x/week; 2–3 lifts; 3–5 sets of 3–6 reps; cap velocity loss ≤20% (or RPE 7 with explosive intent); 2–3 min rest.,"If HRV >= baseline and sleep >=6.5h, progress load/duration by 5–10% weekly; else hold/deload.","Avoid HIIT/heavy loads if SBP>=160, DBP>=100, illness, dizziness, or glucose>250.","{""hrv_daily_delta_pct"": {""gate"": -7, ""action"": ""reduce_intensity""}, ""sleep_efficiency_pct"": {""min"": 85, ""action"": ""split_or_reduce""}, ""cgm_tir_70_180_pct"": {""min"": 70, ""action"": ""prioritize_resistance_then_zone2""}, ""sbp_rest_mmHg"": {""max"": 159, ""action"": ""no_hiit_if_exceeds""}, ""crp_mg_L"": {""max"": 3.0, ""action"": ""reduce_high_impact_volume""}}",executive_function;memory;processing_speed;attention,BDNF↑;angiogenesis↑;insulin_sensitivity↑;neuroinflammation↓;mitochondrial_function↑,"Stop if chest pain, dyspnea, dizziness, or near-fall.",none;bands;dumbbells;chair;walk_area,"Today: complete planned session at RPE 6–7. If HRV low or sleep poor, reduce intensity/volume.","You are a brain-health exercise coach. Provide plan, rationale, progression, safety. Avoid diagnosis.",Limited evidence; possible executive function benefit,Limited evidence; possible executive function benefit,"May improve agility, balance","May improve agility, balance","Increases motor unit recruitment, neural adaptation","Increases motor unit recruitment, neural adaptation",Unclear,Unclear,Increases power/speed,Increases power/speed,Unclear,Unclear,Unclear,Unclear,Unclear,Unclear,1,1,Weight Loss; Muscle Mass: Strength; Blood Sugar Management; Obesity/Weight Loss/Body Composition; Obesity/Weight Loss/Body Composition; Blood Pressure/Hypertension,Weight Loss; Muscle Mass: Strength; Blood Sugar Management; Obesity/Weight Loss/Body Composition; Obesity/Weight Loss/Body Composition; Blood Pressure/Hypertension
Isometric,isometric,mixed,3–4x/week; 3–4 holds per exercise; 20–30 s per hold at mid-range joint angle; 60–90 s rest. Wall sits: 4×2 min with 2 min rest.,"If HRV >= baseline and sleep >=6.5h, progress load/duration by 5–10% weekly; else hold/deload.","Avoid HIIT/heavy loads if SBP>=160, DBP>=100, illness, dizziness, or glucose>250.","{""hrv_daily_delta_pct"": {""gate"": -7, ""action"": ""reduce_intensity""}, ""sleep_efficiency_pct"": {""min"": 85, ""action"": ""split_or_reduce""}, ""cgm_tir_70_180_pct"": {""min"": 70, ""action"": ""prioritize_resistance_then_zone2""}, ""sbp_rest_mmHg"": {""max"": 159, ""action"": ""no_hiit_if_exceeds""}, ""crp_mg_L"": {""max"": 3.0, ""action"": ""reduce_high_impact_volume""}}",executive_function;memory;processing_speed;attention,BDNF↑;angiogenesis↑;insulin_sensitivity↑;neuroinflammation↓;mitochondrial_function↑,"Stop if chest pain, dyspnea, dizziness, or near-fall.",none;bands;dumbbells;chair;walk_area,"Today: complete planned session at RPE 6–7. If HRV low or sleep poor, reduce intensity/volume.","You are a brain-health exercise coach. Provide plan, rationale, progression, safety. Avoid diagnosis.",Neuroprotective. Limited evidence for direct cognitive benefit,Neuroprotective. Limited evidence for direct cognitive benefit,"May support BP control, joint health","May support BP control, joint health","Improves vascular adaptation, possible neurovascular coupling. Increases Klotho","Improves vascular adaptation, possible neurovascular coupling. Increases Klotho",Modest improvement,Modest improvement,Unclear,Unclear,Unclear,Unclear,Unclear,Unclear,Lowers BP,Lowers BP,0,0,Strength; Blood Pressure/Hypertension,Strength; Blood Pressure/Hypertension
Exercise Snacks,exercise_snacks,mixed,"3–5 mini-bouts/day; 1–3 min each: brisk stair climbs, 1–2 min sit-to-stands, or 3–5 min brisk walks, especially post‑meal.","If HRV >= baseline and sleep >=6.5h, progress load/duration by 5–10% weekly; else hold/deload.","Avoid HIIT/heavy loads if SBP>=160, DBP>=100, illness, dizziness, or glucose>250.","{""hrv_daily_delta_pct"": {""gate"": -7, ""action"": ""reduce_intensity""}, ""sleep_efficiency_pct"": {""min"": 85, ""action"": ""split_or_reduce""}, ""cgm_tir_70_180_pct"": {""min"": 70, ""action"": ""prioritize_resistance_then_zone2""}, ""sbp_rest_mmHg"": {""max"": 159, ""action"": ""no_hiit_if_exceeds""}, ""crp_mg_L"": {""max"": 3.0, ""action"": ""reduce_high_impact_volume""}}",executive_function;memory;processing_speed;attention,BDNF↑;angiogenesis↑;insulin_sensitivity↑;neuroinflammation↓;mitochondrial_function↑,"Stop if chest pain, dyspnea, dizziness, or near-fall.",none;bands;dumbbells;chair;walk_area,"Today: complete planned session at RPE 6–7. If HRV low or sleep poor, reduce intensity/volume.","You are a brain-health exercise coach. Provide plan, rationale, progression, safety. Avoid diagnosis.","Emerging evidence; may support attention, mood","Emerging evidence; may support attention, mood","Breaks up sedentary time, supports overall activity","Breaks up sedentary time, supports overall activity","Increases blood flow, acute neurotrophic response","Increases blood flow, acute neurotrophic response",Modest improvement,Modest improvement,Unclear,Unclear,Unclear,Unclear,Unclear,Unclear,Unclear,Unclear,0,0,Weight Loss; Muscle Mass: Strength; Blood Sugar Management; Obesity/Weight Loss/Body Composition; Obesity/Weight Loss/Body Composition; Blood Pressure/Hypertension,Weight Loss; Muscle Mass: Strength; Blood Sugar Management; Obesity/Weight Loss/Body Composition; Obesity/Weight Loss/Body Composition; Blood Pressure/Hypertension
Soleus Push-ups,soleus_push_ups,mixed,3–5 days/week; 10–20 min seated plantarflexion (continuous or 5×3 min with 1 min rest); progress to 20–45 min total.,"If HRV >= baseline and sleep >=6.5h, progress load/duration by 5–10% weekly; else hold/deload.","Avoid HIIT/heavy loads if SBP>=160, DBP>=100, illness, dizziness, or glucose>250.","{""hrv_daily_delta_pct"": {""gate"": -7, ""action"": ""reduce_intensity""}, ""sleep_efficiency_pct"": {""min"": 85, ""action"": ""split_or_reduce""}, ""cgm_tir_70_180_pct"": {""min"": 70, ""action"": ""prioritize_resistance_then_zone2""}, ""sbp_rest_mmHg"": {""max"": 159, ""action"": ""no_hiit_if_exceeds""}, ""crp_mg_L"": {""max"": 3.0, ""action"": ""reduce_high_impact_volume""}}",executive_function;memory;processing_speed;attention,BDNF↑;angiogenesis↑;insulin_sensitivity↑;neuroinflammation↓;mitochondrial_function↑,"Stop if chest pain, dyspnea, dizziness, or near-fall.",none;bands;dumbbells;chair;walk_area,"Today: complete planned session at RPE 6–7. If HRV low or sleep poor, reduce intensity/volume.","You are a brain-health exercise coach. Provide plan, rationale, progression, safety. Avoid diagnosis.",No direct evidence for cognition in older adults,No direct evidence for cognition in older adults,"May improve glucose control, reduce sedentary risk","May improve glucose control, reduce sedentary risk","Increases local muscle metabolism, glucose uptake","Increases local muscle metabolism, glucose uptake",Unclear,Unclear,Unclear,Unclear,Unclear,Unclear,Improves glucose metabolism,Improves glucose metabolism,Unclear,Unclear,0,0,Weight Loss; Muscle Mass: Strength; Blood Sugar Management; Obesity/Weight Loss/Body Composition; Obesity/Weight Loss/Body Composition; Blood Pressure/Hypertension,Weight Loss; Muscle Mass: Strength; Blood Sugar Management; Obesity/Weight Loss/Body Composition; Obesity/Weight Loss/Body Composition; Blood Pressure/Hypertension
AEROBIC,aerobic,aerobic,3–5x/week total; Zone 2 focus: 20–30 min/session @ ~60–70% HRR (talk test). Warm-up 5–10 min.,"If HRV >= baseline and sleep >=6.5h, progress load/duration by 5–10% weekly; else hold/deload.","Avoid if SBP>=160, DBP>=100, illness, dizziness, or glucose>250.","{""hrv_daily_delta_pct"": {""gate"": -7, ""action"": ""reduce_intensity""}, ""sleep_efficiency_pct"": {""min"": 85, ""action"": ""split_or_reduce""}, ""cgm_tir_70_180_pct"": {""min"": 70, ""action"": ""prioritize_resistance_then_zone2""}, ""sbp_rest_mmHg"": {""max"": 159, ""action"": ""no_hiit_if_exceeds""}, ""crp_mg_L"": {""max"": 3.0, ""action"": ""reduce_high_impact_volume""}}",executive_function;memory;processing_speed;attention,BDNF↑;angiogenesis↑;insulin_sensitivity↑;neuroinflammation↓;mitochondrial_function↑,"Stop if chest pain, dyspnea, dizziness, or near-fall.",none;bands;dumbbells;chair;walk_area,"Today: complete planned session at RPE 6–7. If HRV low or sleep poor, reduce intensity/volume.","You are a brain-health exercise coach. Provide plan, rationale, progression, safety. Avoid diagnosis.",,,,,,,,,,,,,,,,,0,0,Weight Loss; Blood Sugar Management; Obesity/Weight Loss/Body Composition; Obesity/Weight Loss/Body Composition; Blood Pressure/Hypertension,Weight Loss; Blood Sugar Management; Obesity/Weight Loss/Body Composition; Obesity/Weight Loss/Body Composition; Blood Pressure/Hypertension
"Walking (brisk, outdoor, treadmill)",walking_brisk_outdoor_treadmill,mixed,3–5x/week; 20–40 min brisk pace @ ~60–70% HRR; include 3–5 min post‑meal walks.,"If HRV >= baseline and sleep >=6.5h, progress load/duration by 5–10% weekly; else hold/deload.","Avoid if SBP>=160, DBP>=100, illness, dizziness, or glucose>251","{""hrv_daily_delta_pct"": {""gate"": -7, ""action"": ""reduce_intensity""}, ""sleep_efficiency_pct"": {""min"": 85, ""action"": ""split_or_reduce""}, ""cgm_tir_70_180_pct"": {""min"": 70, ""action"": ""prioritize_resistance_then_zone2""}, ""sbp_rest_mmHg"": {""max"": 159, ""action"": ""no_hiit_if_exceeds""}, ""crp_mg_L"": {""max"": 3.0, ""action"": ""reduce_high_impact_volume""}}",executive_function;memory;processing_speed;attention,BDNF↑;angiogenesis↑;insulin_sensitivity↑;neuroinflammation↓;mitochondrial_function↑,"Stop if chest pain, dyspnea, dizziness, or near-fall.",none;bands;dumbbells;chair;walk_area,"Today: complete planned session at RPE 6–7. If HRV low or sleep poor, reduce intensity/volume.","You are a brain-health exercise coach. Provide plan, rationale, progression, safety. Avoid diagnosis.","Neuroprotective. Improves global cognition, executive function, memory, attention","Neuroprotective. Improves global cognition, executive function, memory, attention","Reduces dementia risk, supports daily function, enhances mood","Reduces dementia risk, supports daily function, enhances mood","Increases cerebral blood flow, neurotrophic factors, neurogenesis, brain plasticity. Increases Klotho","Increases cerebral blood flow, neurotrophic factors, neurogenesis, brain plasticity. Increases Klotho",Improves,Improves,"Reduces fat, increases lean mass","Reduces fat, increases lean mass",Improves,Improves,Improves insulin sensitivity,Improves insulin sensitivity,Lowers BP,Lowers BP,0,0,Weight Loss; Blood Sugar Management; Obesity/Weight Loss/Body Composition; Obesity/Weight Loss/Body Composition; Blood Pressure/Hypertension,Weight Loss; Blood Sugar Management; Obesity/Weight Loss/Body Composition; Obesity/Weight Loss/Body Composition; Blood Pressure/Hypertension
Rucking (walking with load),rucking_walking_with_load,mixed,2–3x/week; 20–30 min with 5–10% body mass; flat terrain initially; progress duration then load.,"If HRV >= baseline and sleep >=6.5h, progress load/duration by 5–10% weekly; else hold/deload.","Avoid heavy loads if SBP>=160, DBP>=100, illness, dizziness, or glucose>250.","{""hrv_daily_delta_pct"": {""gate"": -7, ""action"": ""reduce_intensity""}, ""sleep_efficiency_pct"": {""min"": 85, ""action"": ""split_or_reduce""}, ""cgm_tir_70_180_pct"": {""min"": 70, ""action"": ""prioritize_resistance_then_zone2""}, ""sbp_rest_mmHg"": {""max"": 159, ""action"": ""no_hiit_if_exceeds""}, ""crp_mg_L"": {""max"": 3.0, ""action"": ""reduce_high_impact_volume""}}",executive_function;memory;processing_speed;attention,BDNF↑;angiogenesis↑;insulin_sensitivity↑;neuroinflammation↓;mitochondrial_function↑,"Stop if chest pain, dyspnea, dizziness, or near-fall.",none;bands;dumbbells;chair;walk_area,"Today: complete planned session at RPE 6–7. If HRV low or sleep poor, reduce intensity/volume.","You are a brain-health exercise coach. Provide plan, rationale, progression, safety. Avoid diagnosis.",Potential for cognitive benefits similar to walking; limited direct evidence,Potential for cognitive benefits similar to walking; limited direct evidence,"Enhances physical resilience, supports functional independence","Enhances physical resilience, supports functional independence","Combines aerobic and resistance effects, increases metabolic demand, may boost neurotrophic signaling","Combines aerobic and resistance effects, increases metabolic demand, may boost neurotrophic signaling",Improves,Improves,"Increases muscle mass, reduces fat","Increases muscle mass, reduces fat",Improves,Improves,Improves glucose metabolism,Improves glucose metabolism,Lowers BP,Lowers BP,0,0,Weight Loss; Blood Sugar Management; Obesity/Weight Loss/Body Composition; Obesity/Weight Loss/Body Composition; Blood Pressure/Hypertension,Weight Loss; Blood Sugar Management; Obesity/Weight Loss/Body Composition; Obesity/Weight Loss/Body Composition; Blood Pressure/Hypertension
"Running (outdoors, treadmill)",running_outdoors_treadmill,mixed,3x/week; 15–25 min easy pace (conversational); progress +5 min/week to 30–40 min before adding speed.,"If HRV >= baseline and sleep >=6.5h, progress load/duration by 5–10% weekly; else hold/deload.","Avoid if SBP>=160, DBP>=100, illness, dizziness, or glucose>250.","{""hrv_daily_delta_pct"": {""gate"": -7, ""action"": ""reduce_intensity""}, ""sleep_efficiency_pct"": {""min"": 85, ""action"": ""split_or_reduce""}, ""cgm_tir_70_180_pct"": {""min"": 70, ""action"": ""prioritize_resistance_then_zone2""}, ""sbp_rest_mmHg"": {""max"": 159, ""action"": ""no_hiit_if_exceeds""}, ""crp_mg_L"": {""max"": 3.0, ""action"": ""reduce_high_impact_volume""}}",executive_function;memory;processing_speed;attention,BDNF↑;angiogenesis↑;insulin_sensitivity↑;neuroinflammation↓;mitochondrial_function↑,"Stop if chest pain, dyspnea, dizziness, or near-fall.",none;bands;dumbbells;chair;walk_area,"Today: complete planned session at RPE 6–7. If HRV low or sleep poor, reduce intensity/volume.","You are a brain-health exercise coach. Provide plan, rationale, progression, safety. Avoid diagnosis.","Neuroprotective. Enhances executive function, memory, processing speed","Neuroprotective. Enhances executive function, memory, processing speed","Reduces risk of cognitive decline, supports cardiovascular health","Reduces risk of cognitive decline, supports cardiovascular health","Increases neurogenesis, neuroplasticity, cerebral perfusion, upregulates BDNF. Increases Klotho","Increases neurogenesis, neuroplasticity, cerebral perfusion, upregulates BDNF. Increases Klotho",Improves (high),Improves (high),"Reduces fat, increases lean mass","Reduces fat, increases lean mass",Improves,Improves,Improves glucose metabolism,Improves glucose metabolism,Lowers BP,Lowers BP,0,0,Weight Loss; Blood Sugar Management; Obesity/Weight Loss/Body Composition; Obesity/Weight Loss/Body Composition; Blood Pressure/Hypertension,Weight Loss; Blood Sugar Management; Obesity/Weight Loss/Body Composition; Obesity/Weight Loss/Body Composition; Blood Pressure/Hypertension
"Cycling (outdoors, exercise bike)",cycling_outdoors_exercise_bike,mixed,3–5x/week; 20–30 min @ ~60–70% HRR; steady cadence; progress to 45–60 min.,"If HRV >= baseline and sleep >=6.5h, progress load/duration by 5–10% weekly; else hold/deload.","Avoid if SBP>=160, DBP>=100, illness, dizziness, or glucose>251","{""hrv_daily_delta_pct"": {""gate"": -7, ""action"": ""reduce_intensity""}, ""sleep_efficiency_pct"": {""min"": 85, ""action"": ""split_or_reduce""}, ""cgm_tir_70_180_pct"": {""min"": 70, ""action"": ""prioritize_resistance_then_zone2""}, ""sbp_rest_mmHg"": {""max"": 159, ""action"": ""no_hiit_if_exceeds""}, ""crp_mg_L"": {""max"": 3.0, ""action"": ""reduce_high_impact_volume""}}",executive_function;memory;processing_speed;attention,BDNF↑;angiogenesis↑;insulin_sensitivity↑;neuroinflammation↓;mitochondrial_function↑,"Stop if chest pain, dyspnea, dizziness, or near-fall.",none;bands;dumbbells;chair;walk_area,"Today: complete planned session at RPE 6–7. If HRV low or sleep poor, reduce intensity/volume.","You are a brain-health exercise coach. Provide plan, rationale, progression, safety. Avoid diagnosis.","Neuroprotective. Improves executive function, memory, attention","Neuroprotective. Improves executive function, memory, attention","Supports mobility, reduces frailty, enhances mood","Supports mobility, reduces frailty, enhances mood","Increases brain perfusion, neurotrophic factors, supports vascular health. Increases Klotho","Increases brain perfusion, neurotrophic factors, supports vascular health. Increases Klotho",Improves,Improves,"Reduces fat, increases lean mass","Reduces fat, increases lean mass",Improves,Improves,Improves insulin sensitivity,Improves insulin sensitivity,Lowers BP,Lowers BP,0,0,Weight Loss; Blood Sugar Management; Obesity/Weight Loss/Body Composition; Obesity/Weight Loss/Body Composition; Blood Pressure/Hypertension,Weight Loss; Blood Sugar Management; Obesity/Weight Loss/Body Composition; Obesity/Weight Loss/Body Composition; Blood Pressure/Hypertension
Swimming,swimming,mixed,"2–4x/week; 15–30 min continuous or intervals (e.g., 8×50 m easy) @ RPE 5–6; progress duration then pace.","If HRV >= baseline and sleep >=6.5h, progress load/duration by 5–10% weekly; else hold/deload.","Avoid if SBP>=160, DBP>=100, illness, dizziness, or glucose>252","{""hrv_daily_delta_pct"": {""gate"": -7, ""action"": ""reduce_intensity""}, ""sleep_efficiency_pct"": {""min"": 85, ""action"": ""split_or_reduce""}, ""cgm_tir_70_180_pct"": {""min"": 70, ""action"": ""prioritize_resistance_then_zone2""}, ""sbp_rest_mmHg"": {""max"": 159, ""action"": ""no_hiit_if_exceeds""}, ""crp_mg_L"": {""max"": 3.0, ""action"": ""reduce_high_impact_volume""}}",executive_function;memory;processing_speed;attention,BDNF↑;angiogenesis↑;insulin_sensitivity↑;neuroinflammation↓;mitochondrial_function↑,"Stop if chest pain, dyspnea, dizziness, or near-fall.",none;bands;dumbbells;chair;walk_area,"Today: complete planned session at RPE 6–7. If HRV low or sleep poor, reduce intensity/volume.","You are a brain-health exercise coach. Provide plan, rationale, progression, safety. Avoid diagnosis.","Neuroprotective. Improves global cognition, memory, executive function","Neuroprotective. Improves global cognition, memory, executive function","Supports joint health, reduces fall risk, enhances mood","Supports joint health, reduces fall risk, enhances mood","Increases cerebral blood flow, neuroplasticity, reduces inflammation. Increases Klotho","Increases cerebral blood flow, neuroplasticity, reduces inflammation. Increases Klotho",Improves,Improves,"Reduces fat, increases lean mass","Reduces fat, increases lean mass",Improves,Improves,Improves glucose metabolism,Improves glucose metabolism,Lowers BP,Lowers BP,0,0,Weight Loss; Blood Sugar Management; Obesity/Weight Loss/Body Composition; Obesity/Weight Loss/Body Composition; Blood Pressure/Hypertension,Weight Loss; Blood Sugar Management; Obesity/Weight Loss/Body Composition; Obesity/Weight Loss/Body Composition; Blood Pressure/Hypertension
Plyometrics,plyometrics,mixed,"1–2x/week; low-impact drills (step jumps to low box, line hops, pogo hops). 3–4 sets of 6–10 contacts; 60–120 s rest; RPE 5–6; thorough warm-up.","Increase task difficulty, then add light weights; RPE≤6–7","Avoid heavy loads if SBP>=160, DBP>=100, illness, dizziness, or glucose>250.","{""hrv_daily_delta_pct"":{""gate"":-7,""action"":""reduce_intensity""},""sleep_efficiency_pct"":{""min"":85,""action"":""split_or_reduce""},""cgm_tir_70_180_pct"":{""min"":70,""action"":""prefer_low_impact_duration""},""sbp_rest_mmHg"":{""max"":159,""action"":""no_high_impact""},""crp_mg_L"":{""max"":3.0,""action"":""reduce_contacts""}}",processing_speed; executive_function; motor_learning; balance,fast_twitch_recruitment↑; cortical_plasticity↑; neuromuscular_coordination↑; perfusion↑; myokines↑,"Emphasize low-impact drills and soft, quiet landings; thorough warm-up; clear area; supportive shoes; hand support nearby for beginners; abort on dizziness, near-fall, or joint pain; avoid if blood pressure is uncontrolled (e.g., SBP ≥160 mmHg).",low_box_or_step; open_space; supportive_footwear; metronome_optional,"Today: 3 sets of 8 line hops (both feet) at RPE 5–6; rest 60–90 s; focus on soft landings. If HRV is below baseline or sleep efficiency <85%, reduce to 2×6 and substitute fast step-ups. Progress by +2 contacts next session if joints feel good and balance steady.","You are a brain-health exercise coach. Create a concise, low-impact plyometric session (speed/executive focus) with: (1) the plan (sets/contacts/rest, RPE 5–6), (2) why it supports cognition (processing speed/executive via fast-twitch recruitment and cortical plasticity), (3) a safe progression for next week, and (4) explicit safety checks (land softly, clear area, no uncontrolled BP, stop on dizziness/near-fall). Avoid diagnosis. Prefer substitutions (fast step-ups) if HRV is low, sleep is poor, or SBP ≥160.",Improvements in executive function and processing speed (by analogy to resistance/power training),Improvements in executive function and processing speed (by analogy to resistance/power training),"Enhances balance, mobility, fall prevention, and physical function","Enhances balance, mobility, fall prevention, and physical function","May increase neurotrophic factors (BDNF, IGF-1), neuroplasticity, cerebral blood flow, and neuromuscular adaptation","May increase neurotrophic factors (BDNF, IGF-1), neuroplasticity, cerebral blood flow, and neuromuscular adaptation",Improves,Improves,"Increases muscle power, may reduce fat","Increases muscle power, may reduce fat",Improves,Improves,Improves,Improves,Lowers,Lowers,0,0,Weight Loss; Blood Sugar Management; Obesity/Weight Loss/Body Composition; Obesity/Weight Loss/Body Composition; Blood Pressure/Hypertension,Weight Loss; Blood Sugar Management; Obesity/Weight Loss/Body Composition; Obesity/Weight Loss/Body Composition; Blood Pressure/Hypertension
DUAL TASK TRAINING (Simultaneous cognitive + physical tasks),dual_task_training_simultaneous_cognitive_+_physical_tasks,dual_task,2x/week; 10–20 min walk; add cognitive tasks every 30–60s,"If HRV >= baseline and sleep >=6.5h, progress load/duration by 5–10% weekly; else hold/deload.","Avoid HIIT/heavy loads; ensure safe environment; if SBP>=160, DBP>=100, illness, dizziness, or glucose>250.","{""hrv_daily_delta_pct"": {""gate"": -7, ""action"": ""reduce_intensity""}, ""sleep_efficiency_pct"": {""min"": 85, ""action"": ""split_or_reduce""}, ""cgm_tir_70_180_pct"": {""min"": 70, ""action"": ""prioritize_resistance_then_zone2""}, ""sbp_rest_mmHg"": {""max"": 159, ""action"": ""no_hiit_if_exceeds""}, ""crp_mg_L"": {""max"": 3.0, ""action"": ""reduce_high_impact_volume""}}",executive_function;memory;processing_speed;attention,BDNF↑;angiogenesis↑;insulin_sensitivity↑;neuroinflammation↓;mitochondrial_function↑,"Stop if chest pain, dyspnea, dizziness, or near-fall.",none;bands;dumbbells;chair;walk_area; cognitive tasks/games,"Today: complete planned session at RPE 6–7. If HRV low or sleep poor, reduce intensity/volume.","You are a brain-health exercise coach. Provide plan, rationale, progression, safety. Avoid diagnosis.","Improves global cognition, executive function, working memory, attention, processing speed, and psychomotor speed; slows cognitive decline","Improves global cognition, executive function, working memory, attention, processing speed, and psychomotor speed; slows cognitive decline","Enhances physical function, gait, balance, mobility, mood, quality of life, daily function, and self-efficacy","Enhances physical function, gait, balance, mobility, mood, quality of life, daily function, and self-efficacy","Increases cerebral blood flow, neurotrophic factors (e.g., BDNF), neurogenesis, synaptic plasticity, prefrontal cortex activation, and functional brain connectivity","Increases cerebral blood flow, neurotrophic factors (e.g., BDNF), neurogenesis, synaptic plasticity, prefrontal cortex activation, and functional brain connectivity",Improves,Improves,"Reduces fat, increases lean mass, improves mobility","Reduces fat, increases lean mass, improves mobility",Improves,Improves,Improves insulin sensitivity,Improves insulin sensitivity,Lowers BP,Lowers BP,0,0,Weight Loss; Blood Sugar Management; Obesity/Weight Loss/Body Composition; Obesity/Weight Loss/Body Composition; Blood Pressure/Hypertension,Weight Loss; Blood Sugar Management; Obesity/Weight Loss/Body Composition; Obesity/Weight Loss/Body Composition; Blood Pressure/Hypertension